{
  "language": "Solidity",
  "sources": {
    "@openzeppelin/contracts/access/Ownable.sol": {
      "content": "// SPDX-License-Identifier: MIT\n// OpenZeppelin Contracts (last updated v4.7.0) (access/Ownable.sol)\n\npragma solidity ^0.8.0;\n\nimport \"../utils/Context.sol\";\n\n/**\n * @dev Contract module which provides a basic access control mechanism, where\n * there is an account (an owner) that can be granted exclusive access to\n * specific functions.\n *\n * By default, the owner account will be the one that deploys the contract. This\n * can later be changed with {transferOwnership}.\n *\n * This module is used through inheritance. It will make available the modifier\n * `onlyOwner`, which can be applied to your functions to restrict their use to\n * the owner.\n */\nabstract contract Ownable is Context {\n    address private _owner;\n\n    event OwnershipTransferred(address indexed previousOwner, address indexed newOwner);\n\n    /**\n     * @dev Initializes the contract setting the deployer as the initial owner.\n     */\n    constructor() {\n        _transferOwnership(_msgSender());\n    }\n\n    /**\n     * @dev Throws if called by any account other than the owner.\n     */\n    modifier onlyOwner() {\n        _checkOwner();\n        _;\n    }\n\n    /**\n     * @dev Returns the address of the current owner.\n     */\n    function owner() public view virtual returns (address) {\n        return _owner;\n    }\n\n    /**\n     * @dev Throws if the sender is not the owner.\n     */\n    function _checkOwner() internal view virtual {\n        require(owner() == _msgSender(), \"Ownable: caller is not the owner\");\n    }\n\n    /**\n     * @dev Leaves the contract without owner. It will not be possible to call\n     * `onlyOwner` functions anymore. Can only be called by the current owner.\n     *\n     * NOTE: Renouncing ownership will leave the contract without an owner,\n     * thereby removing any functionality that is only available to the owner.\n     */\n    function renounceOwnership() public virtual onlyOwner {\n        _transferOwnership(address(0));\n    }\n\n    /**\n     * @dev Transfers ownership of the contract to a new account (`newOwner`).\n     * Can only be called by the current owner.\n     */\n    function transferOwnership(address newOwner) public virtual onlyOwner {\n        require(newOwner != address(0), \"Ownable: new owner is the zero address\");\n        _transferOwnership(newOwner);\n    }\n\n    /**\n     * @dev Transfers ownership of the contract to a new account (`newOwner`).\n     * Internal function without access restriction.\n     */\n    function _transferOwnership(address newOwner) internal virtual {\n        address oldOwner = _owner;\n        _owner = newOwner;\n        emit OwnershipTransferred(oldOwner, newOwner);\n    }\n}\n"
    },
    "@openzeppelin/contracts/token/ERC20/ERC20.sol": {
      "content": "// SPDX-License-Identifier: MIT\n// OpenZeppelin Contracts (last updated v4.8.0) (token/ERC20/ERC20.sol)\n\npragma solidity ^0.8.0;\n\nimport \"./IERC20.sol\";\nimport \"./extensions/IERC20Metadata.sol\";\nimport \"../../utils/Context.sol\";\n\n/**\n * @dev Implementation of the {IERC20} interface.\n *\n * This implementation is agnostic to the way tokens are created. This means\n * that a supply mechanism has to be added in a derived contract using {_mint}.\n * For a generic mechanism see {ERC20PresetMinterPauser}.\n *\n * TIP: For a detailed writeup see our guide\n * https://forum.openzeppelin.com/t/how-to-implement-erc20-supply-mechanisms/226[How\n * to implement supply mechanisms].\n *\n * We have followed general OpenZeppelin Contracts guidelines: functions revert\n * instead returning `false` on failure. This behavior is nonetheless\n * conventional and does not conflict with the expectations of ERC20\n * applications.\n *\n * Additionally, an {Approval} event is emitted on calls to {transferFrom}.\n * This allows applications to reconstruct the allowance for all accounts just\n * by listening to said events. Other implementations of the EIP may not emit\n * these events, as it isn't required by the specification.\n *\n * Finally, the non-standard {decreaseAllowance} and {increaseAllowance}\n * functions have been added to mitigate the well-known issues around setting\n * allowances. See {IERC20-approve}.\n */\ncontract ERC20 is Context, IERC20, IERC20Metadata {\n    mapping(address => uint256) private _balances;\n\n    mapping(address => mapping(address => uint256)) private _allowances;\n\n    uint256 private _totalSupply;\n\n    string private _name;\n    string private _symbol;\n\n    /**\n     * @dev Sets the values for {name} and {symbol}.\n     *\n     * The default value of {decimals} is 18. To select a different value for\n     * {decimals} you should overload it.\n     *\n     * All two of these values are immutable: they can only be set once during\n     * construction.\n     */\n    constructor(string memory name_, string memory symbol_) {\n        _name = name_;\n        _symbol = symbol_;\n    }\n\n    /**\n     * @dev Returns the name of the token.\n     */\n    function name() public view virtual override returns (string memory) {\n        return _name;\n    }\n\n    /**\n     * @dev Returns the symbol of the token, usually a shorter version of the\n     * name.\n     */\n    function symbol() public view virtual override returns (string memory) {\n        return _symbol;\n    }\n\n    /**\n     * @dev Returns the number of decimals used to get its user representation.\n     * For example, if `decimals` equals `2`, a balance of `505` tokens should\n     * be displayed to a user as `5.05` (`505 / 10 ** 2`).\n     *\n     * Tokens usually opt for a value of 18, imitating the relationship between\n     * Ether and Wei. This is the value {ERC20} uses, unless this function is\n     * overridden;\n     *\n     * NOTE: This information is only used for _display_ purposes: it in\n     * no way affects any of the arithmetic of the contract, including\n     * {IERC20-balanceOf} and {IERC20-transfer}.\n     */\n    function decimals() public view virtual override returns (uint8) {\n        return 18;\n    }\n\n    /**\n     * @dev See {IERC20-totalSupply}.\n     */\n    function totalSupply() public view virtual override returns (uint256) {\n        return _totalSupply;\n    }\n\n    /**\n     * @dev See {IERC20-balanceOf}.\n     */\n    function balanceOf(address account) public view virtual override returns (uint256) {\n        return _balances[account];\n    }\n\n    /**\n     * @dev See {IERC20-transfer}.\n     *\n     * Requirements:\n     *\n     * - `to` cannot be the zero address.\n     * - the caller must have a balance of at least `amount`.\n     */\n    function transfer(address to, uint256 amount) public virtual override returns (bool) {\n        address owner = _msgSender();\n        _transfer(owner, to, amount);\n        return true;\n    }\n\n    /**\n     * @dev See {IERC20-allowance}.\n     */\n    function allowance(address owner, address spender) public view virtual override returns (uint256) {\n        return _allowances[owner][spender];\n    }\n\n    /**\n     * @dev See {IERC20-approve}.\n     *\n     * NOTE: If `amount` is the maximum `uint256`, the allowance is not updated on\n     * `transferFrom`. This is semantically equivalent to an infinite approval.\n     *\n     * Requirements:\n     *\n     * - `spender` cannot be the zero address.\n     */\n    function approve(address spender, uint256 amount) public virtual override returns (bool) {\n        address owner = _msgSender();\n        _approve(owner, spender, amount);\n        return true;\n    }\n\n    /**\n     * @dev See {IERC20-transferFrom}.\n     *\n     * Emits an {Approval} event indicating the updated allowance. This is not\n     * required by the EIP. See the note at the beginning of {ERC20}.\n     *\n     * NOTE: Does not update the allowance if the current allowance\n     * is the maximum `uint256`.\n     *\n     * Requirements:\n     *\n     * - `from` and `to` cannot be the zero address.\n     * - `from` must have a balance of at least `amount`.\n     * - the caller must have allowance for ``from``'s tokens of at least\n     * `amount`.\n     */\n    function transferFrom(\n        address from,\n        address to,\n        uint256 amount\n    ) public virtual override returns (bool) {\n        address spender = _msgSender();\n        _spendAllowance(from, spender, amount);\n        _transfer(from, to, amount);\n        return true;\n    }\n\n    /**\n     * @dev Atomically increases the allowance granted to `spender` by the caller.\n     *\n     * This is an alternative to {approve} that can be used as a mitigation for\n     * problems described in {IERC20-approve}.\n     *\n     * Emits an {Approval} event indicating the updated allowance.\n     *\n     * Requirements:\n     *\n     * - `spender` cannot be the zero address.\n     */\n    function increaseAllowance(address spender, uint256 addedValue) public virtual returns (bool) {\n        address owner = _msgSender();\n        _approve(owner, spender, allowance(owner, spender) + addedValue);\n        return true;\n    }\n\n    /**\n     * @dev Atomically decreases the allowance granted to `spender` by the caller.\n     *\n     * This is an alternative to {approve} that can be used as a mitigation for\n     * problems described in {IERC20-approve}.\n     *\n     * Emits an {Approval} event indicating the updated allowance.\n     *\n     * Requirements:\n     *\n     * - `spender` cannot be the zero address.\n     * - `spender` must have allowance for the caller of at least\n     * `subtractedValue`.\n     */\n    function decreaseAllowance(address spender, uint256 subtractedValue) public virtual returns (bool) {\n        address owner = _msgSender();\n        uint256 currentAllowance = allowance(owner, spender);\n        require(currentAllowance >= subtractedValue, \"ERC20: decreased allowance below zero\");\n        unchecked {\n            _approve(owner, spender, currentAllowance - subtractedValue);\n        }\n\n        return true;\n    }\n\n    /**\n     * @dev Moves `amount` of tokens from `from` to `to`.\n     *\n     * This internal function is equivalent to {transfer}, and can be used to\n     * e.g. implement automatic token fees, slashing mechanisms, etc.\n     *\n     * Emits a {Transfer} event.\n     *\n     * Requirements:\n     *\n     * - `from` cannot be the zero address.\n     * - `to` cannot be the zero address.\n     * - `from` must have a balance of at least `amount`.\n     */\n    function _transfer(\n        address from,\n        address to,\n        uint256 amount\n    ) internal virtual {\n        require(from != address(0), \"ERC20: transfer from the zero address\");\n        require(to != address(0), \"ERC20: transfer to the zero address\");\n\n        _beforeTokenTransfer(from, to, amount);\n\n        uint256 fromBalance = _balances[from];\n        require(fromBalance >= amount, \"ERC20: transfer amount exceeds balance\");\n        unchecked {\n            _balances[from] = fromBalance - amount;\n            // Overflow not possible: the sum of all balances is capped by totalSupply, and the sum is preserved by\n            // decrementing then incrementing.\n            _balances[to] += amount;\n        }\n\n        emit Transfer(from, to, amount);\n\n        _afterTokenTransfer(from, to, amount);\n    }\n\n    /** @dev Creates `amount` tokens and assigns them to `account`, increasing\n     * the total supply.\n     *\n     * Emits a {Transfer} event with `from` set to the zero address.\n     *\n     * Requirements:\n     *\n     * - `account` cannot be the zero address.\n     */\n    function _mint(address account, uint256 amount) internal virtual {\n        require(account != address(0), \"ERC20: mint to the zero address\");\n\n        _beforeTokenTransfer(address(0), account, amount);\n\n        _totalSupply += amount;\n        unchecked {\n            // Overflow not possible: balance + amount is at most totalSupply + amount, which is checked above.\n            _balances[account] += amount;\n        }\n        emit Transfer(address(0), account, amount);\n\n        _afterTokenTransfer(address(0), account, amount);\n    }\n\n    /**\n     * @dev Destroys `amount` tokens from `account`, reducing the\n     * total supply.\n     *\n     * Emits a {Transfer} event with `to` set to the zero address.\n     *\n     * Requirements:\n     *\n     * - `account` cannot be the zero address.\n     * - `account` must have at least `amount` tokens.\n     */\n    function _burn(address account, uint256 amount) internal virtual {\n        require(account != address(0), \"ERC20: burn from the zero address\");\n\n        _beforeTokenTransfer(account, address(0), amount);\n\n        uint256 accountBalance = _balances[account];\n        require(accountBalance >= amount, \"ERC20: burn amount exceeds balance\");\n        unchecked {\n            _balances[account] = accountBalance - amount;\n            // Overflow not possible: amount <= accountBalance <= totalSupply.\n            _totalSupply -= amount;\n        }\n\n        emit Transfer(account, address(0), amount);\n\n        _afterTokenTransfer(account, address(0), amount);\n    }\n\n    /**\n     * @dev Sets `amount` as the allowance of `spender` over the `owner` s tokens.\n     *\n     * This internal function is equivalent to `approve`, and can be used to\n     * e.g. set automatic allowances for certain subsystems, etc.\n     *\n     * Emits an {Approval} event.\n     *\n     * Requirements:\n     *\n     * - `owner` cannot be the zero address.\n     * - `spender` cannot be the zero address.\n     */\n    function _approve(\n        address owner,\n        address spender,\n        uint256 amount\n    ) internal virtual {\n        require(owner != address(0), \"ERC20: approve from the zero address\");\n        require(spender != address(0), \"ERC20: approve to the zero address\");\n\n        _allowances[owner][spender] = amount;\n        emit Approval(owner, spender, amount);\n    }\n\n    /**\n     * @dev Updates `owner` s allowance for `spender` based on spent `amount`.\n     *\n     * Does not update the allowance amount in case of infinite allowance.\n     * Revert if not enough allowance is available.\n     *\n     * Might emit an {Approval} event.\n     */\n    function _spendAllowance(\n        address owner,\n        address spender,\n        uint256 amount\n    ) internal virtual {\n        uint256 currentAllowance = allowance(owner, spender);\n        if (currentAllowance != type(uint256).max) {\n            require(currentAllowance >= amount, \"ERC20: insufficient allowance\");\n            unchecked {\n                _approve(owner, spender, currentAllowance - amount);\n            }\n        }\n    }\n\n    /**\n     * @dev Hook that is called before any transfer of tokens. This includes\n     * minting and burning.\n     *\n     * Calling conditions:\n     *\n     * - when `from` and `to` are both non-zero, `amount` of ``from``'s tokens\n     * will be transferred to `to`.\n     * - when `from` is zero, `amount` tokens will be minted for `to`.\n     * - when `to` is zero, `amount` of ``from``'s tokens will be burned.\n     * - `from` and `to` are never both zero.\n     *\n     * To learn more about hooks, head to xref:ROOT:extending-contracts.adoc#using-hooks[Using Hooks].\n     */\n    function _beforeTokenTransfer(\n        address from,\n        address to,\n        uint256 amount\n    ) internal virtual {}\n\n    /**\n     * @dev Hook that is called after any transfer of tokens. This includes\n     * minting and burning.\n     *\n     * Calling conditions:\n     *\n     * - when `from` and `to` are both non-zero, `amount` of ``from``'s tokens\n     * has been transferred to `to`.\n     * - when `from` is zero, `amount` tokens have been minted for `to`.\n     * - when `to` is zero, `amount` of ``from``'s tokens have been burned.\n     * - `from` and `to` are never both zero.\n     *\n     * To learn more about hooks, head to xref:ROOT:extending-contracts.adoc#using-hooks[Using Hooks].\n     */\n    function _afterTokenTransfer(\n        address from,\n        address to,\n        uint256 amount\n    ) internal virtual {}\n}\n"
    },
    "@openzeppelin/contracts/token/ERC20/extensions/IERC20Metadata.sol": {
      "content": "// SPDX-License-Identifier: MIT\n// OpenZeppelin Contracts v4.4.1 (token/ERC20/extensions/IERC20Metadata.sol)\n\npragma solidity ^0.8.0;\n\nimport \"../IERC20.sol\";\n\n/**\n * @dev Interface for the optional metadata functions from the ERC20 standard.\n *\n * _Available since v4.1._\n */\ninterface IERC20Metadata is IERC20 {\n    /**\n     * @dev Returns the name of the token.\n     */\n    function name() external view returns (string memory);\n\n    /**\n     * @dev Returns the symbol of the token.\n     */\n    function symbol() external view returns (string memory);\n\n    /**\n     * @dev Returns the decimals places of the token.\n     */\n    function decimals() external view returns (uint8);\n}\n"
    },
    "@openzeppelin/contracts/token/ERC20/IERC20.sol": {
      "content": "// SPDX-License-Identifier: MIT\n// OpenZeppelin Contracts (last updated v4.6.0) (token/ERC20/IERC20.sol)\n\npragma solidity ^0.8.0;\n\n/**\n * @dev Interface of the ERC20 standard as defined in the EIP.\n */\ninterface IERC20 {\n    /**\n     * @dev Emitted when `value` tokens are moved from one account (`from`) to\n     * another (`to`).\n     *\n     * Note that `value` may be zero.\n     */\n    event Transfer(address indexed from, address indexed to, uint256 value);\n\n    /**\n     * @dev Emitted when the allowance of a `spender` for an `owner` is set by\n     * a call to {approve}. `value` is the new allowance.\n     */\n    event Approval(address indexed owner, address indexed spender, uint256 value);\n\n    /**\n     * @dev Returns the amount of tokens in existence.\n     */\n    function totalSupply() external view returns (uint256);\n\n    /**\n     * @dev Returns the amount of tokens owned by `account`.\n     */\n    function balanceOf(address account) external view returns (uint256);\n\n    /**\n     * @dev Moves `amount` tokens from the caller's account to `to`.\n     *\n     * Returns a boolean value indicating whether the operation succeeded.\n     *\n     * Emits a {Transfer} event.\n     */\n    function transfer(address to, uint256 amount) external returns (bool);\n\n    /**\n     * @dev Returns the remaining number of tokens that `spender` will be\n     * allowed to spend on behalf of `owner` through {transferFrom}. This is\n     * zero by default.\n     *\n     * This value changes when {approve} or {transferFrom} are called.\n     */\n    function allowance(address owner, address spender) external view returns (uint256);\n\n    /**\n     * @dev Sets `amount` as the allowance of `spender` over the caller's tokens.\n     *\n     * Returns a boolean value indicating whether the operation succeeded.\n     *\n     * IMPORTANT: Beware that changing an allowance with this method brings the risk\n     * that someone may use both the old and the new allowance by unfortunate\n     * transaction ordering. One possible solution to mitigate this race\n     * condition is to first reduce the spender's allowance to 0 and set the\n     * desired value afterwards:\n     * https://github.com/ethereum/EIPs/issues/20#issuecomment-263524729\n     *\n     * Emits an {Approval} event.\n     */\n    function approve(address spender, uint256 amount) external returns (bool);\n\n    /**\n     * @dev Moves `amount` tokens from `from` to `to` using the\n     * allowance mechanism. `amount` is then deducted from the caller's\n     * allowance.\n     *\n     * Returns a boolean value indicating whether the operation succeeded.\n     *\n     * Emits a {Transfer} event.\n     */\n    function transferFrom(\n        address from,\n        address to,\n        uint256 amount\n    ) external returns (bool);\n}\n"
    },
    "@openzeppelin/contracts/token/ERC721/IERC721.sol": {
      "content": "// SPDX-License-Identifier: MIT\n// OpenZeppelin Contracts (last updated v4.8.0) (token/ERC721/IERC721.sol)\n\npragma solidity ^0.8.0;\n\nimport \"../../utils/introspection/IERC165.sol\";\n\n/**\n * @dev Required interface of an ERC721 compliant contract.\n */\ninterface IERC721 is IERC165 {\n    /**\n     * @dev Emitted when `tokenId` token is transferred from `from` to `to`.\n     */\n    event Transfer(address indexed from, address indexed to, uint256 indexed tokenId);\n\n    /**\n     * @dev Emitted when `owner` enables `approved` to manage the `tokenId` token.\n     */\n    event Approval(address indexed owner, address indexed approved, uint256 indexed tokenId);\n\n    /**\n     * @dev Emitted when `owner` enables or disables (`approved`) `operator` to manage all of its assets.\n     */\n    event ApprovalForAll(address indexed owner, address indexed operator, bool approved);\n\n    /**\n     * @dev Returns the number of tokens in ``owner``'s account.\n     */\n    function balanceOf(address owner) external view returns (uint256 balance);\n\n    /**\n     * @dev Returns the owner of the `tokenId` token.\n     *\n     * Requirements:\n     *\n     * - `tokenId` must exist.\n     */\n    function ownerOf(uint256 tokenId) external view returns (address owner);\n\n    /**\n     * @dev Safely transfers `tokenId` token from `from` to `to`.\n     *\n     * Requirements:\n     *\n     * - `from` cannot be the zero address.\n     * - `to` cannot be the zero address.\n     * - `tokenId` token must exist and be owned by `from`.\n     * - If the caller is not `from`, it must be approved to move this token by either {approve} or {setApprovalForAll}.\n     * - If `to` refers to a smart contract, it must implement {IERC721Receiver-onERC721Received}, which is called upon a safe transfer.\n     *\n     * Emits a {Transfer} event.\n     */\n    function safeTransferFrom(\n        address from,\n        address to,\n        uint256 tokenId,\n        bytes calldata data\n    ) external;\n\n    /**\n     * @dev Safely transfers `tokenId` token from `from` to `to`, checking first that contract recipients\n     * are aware of the ERC721 protocol to prevent tokens from being forever locked.\n     *\n     * Requirements:\n     *\n     * - `from` cannot be the zero address.\n     * - `to` cannot be the zero address.\n     * - `tokenId` token must exist and be owned by `from`.\n     * - If the caller is not `from`, it must have been allowed to move this token by either {approve} or {setApprovalForAll}.\n     * - If `to` refers to a smart contract, it must implement {IERC721Receiver-onERC721Received}, which is called upon a safe transfer.\n     *\n     * Emits a {Transfer} event.\n     */\n    function safeTransferFrom(\n        address from,\n        address to,\n        uint256 tokenId\n    ) external;\n\n    /**\n     * @dev Transfers `tokenId` token from `from` to `to`.\n     *\n     * WARNING: Note that the caller is responsible to confirm that the recipient is capable of receiving ERC721\n     * or else they may be permanently lost. Usage of {safeTransferFrom} prevents loss, though the caller must\n     * understand this adds an external call which potentially creates a reentrancy vulnerability.\n     *\n     * Requirements:\n     *\n     * - `from` cannot be the zero address.\n     * - `to` cannot be the zero address.\n     * - `tokenId` token must be owned by `from`.\n     * - If the caller is not `from`, it must be approved to move this token by either {approve} or {setApprovalForAll}.\n     *\n     * Emits a {Transfer} event.\n     */\n    function transferFrom(\n        address from,\n        address to,\n        uint256 tokenId\n    ) external;\n\n    /**\n     * @dev Gives permission to `to` to transfer `tokenId` token to another account.\n     * The approval is cleared when the token is transferred.\n     *\n     * Only a single account can be approved at a time, so approving the zero address clears previous approvals.\n     *\n     * Requirements:\n     *\n     * - The caller must own the token or be an approved operator.\n     * - `tokenId` must exist.\n     *\n     * Emits an {Approval} event.\n     */\n    function approve(address to, uint256 tokenId) external;\n\n    /**\n     * @dev Approve or remove `operator` as an operator for the caller.\n     * Operators can call {transferFrom} or {safeTransferFrom} for any token owned by the caller.\n     *\n     * Requirements:\n     *\n     * - The `operator` cannot be the caller.\n     *\n     * Emits an {ApprovalForAll} event.\n     */\n    function setApprovalForAll(address operator, bool _approved) external;\n\n    /**\n     * @dev Returns the account approved for `tokenId` token.\n     *\n     * Requirements:\n     *\n     * - `tokenId` must exist.\n     */\n    function getApproved(uint256 tokenId) external view returns (address operator);\n\n    /**\n     * @dev Returns if the `operator` is allowed to manage all of the assets of `owner`.\n     *\n     * See {setApprovalForAll}\n     */\n    function isApprovedForAll(address owner, address operator) external view returns (bool);\n}\n"
    },
    "@openzeppelin/contracts/utils/Context.sol": {
      "content": "// SPDX-License-Identifier: MIT\n// OpenZeppelin Contracts v4.4.1 (utils/Context.sol)\n\npragma solidity ^0.8.0;\n\n/**\n * @dev Provides information about the current execution context, including the\n * sender of the transaction and its data. While these are generally available\n * via msg.sender and msg.data, they should not be accessed in such a direct\n * manner, since when dealing with meta-transactions the account sending and\n * paying for execution may not be the actual sender (as far as an application\n * is concerned).\n *\n * This contract is only required for intermediate, library-like contracts.\n */\nabstract contract Context {\n    function _msgSender() internal view virtual returns (address) {\n        return msg.sender;\n    }\n\n    function _msgData() internal view virtual returns (bytes calldata) {\n        return msg.data;\n    }\n}\n"
    },
    "@openzeppelin/contracts/utils/introspection/IERC165.sol": {
      "content": "// SPDX-License-Identifier: MIT\n// OpenZeppelin Contracts v4.4.1 (utils/introspection/IERC165.sol)\n\npragma solidity ^0.8.0;\n\n/**\n * @dev Interface of the ERC165 standard, as defined in the\n * https://eips.ethereum.org/EIPS/eip-165[EIP].\n *\n * Implementers can declare support of contract interfaces, which can then be\n * queried by others ({ERC165Checker}).\n *\n * For an implementation, see {ERC165}.\n */\ninterface IERC165 {\n    /**\n     * @dev Returns true if this contract implements the interface defined by\n     * `interfaceId`. See the corresponding\n     * https://eips.ethereum.org/EIPS/eip-165#how-interfaces-are-identified[EIP section]\n     * to learn more about how these ids are created.\n     *\n     * This function call must use less than 30 000 gas.\n     */\n    function supportsInterface(bytes4 interfaceId) external view returns (bool);\n}\n"
    },
    "contracts/BaseOptionBuilder.sol": {
      "content": "/**\n * SPDX-License-Identifier: GPL-3.0-or-later\n * DeDeLend\n * Copyright (C) 2023 DeDeLend\n *\n * This program is free software: you can redistribute it and/or modify\n * it under the terms of the GNU General Public License as published by\n * the Free Software Foundation, either version 3 of the License, or\n * (at your option) any later version.\n *\n * This program is distributed in the hope that it will be useful,\n * but WITHOUT ANY WARRANTY; without even the implied warranty of\n * MERCHANTABILITY or FITNESS FOR A PARTICULAR PURPOSE.  See the\n * GNU General Public License for more details.\n *\n * You should have received a copy of the GNU General Public License\n * along with this program.  If not, see <http://www.gnu.org/licenses/>.\n **/\n\npragma solidity 0.8.9;\n\nimport \"@openzeppelin/contracts/token/ERC721/IERC721.sol\";\nimport \"@openzeppelin/contracts/token/ERC20/ERC20.sol\";\nimport \"@openzeppelin/contracts/access/Ownable.sol\";\nimport \"./IHegicStrategy.sol\";\n\ninterface ILyra {\n    enum OptionType {\n        LONG_CALL,\n        LONG_PUT,\n        SHORT_CALL_BASE,\n        SHORT_CALL_QUOTE,\n        SHORT_PUT_QUOTE\n    }\n\n    struct Result {\n        uint positionId;\n        uint totalCost;\n        uint totalFee;\n    }\n\n    struct TradeInputParameters {\n        // id of strike\n        uint strikeId;\n        // OptionToken ERC721 id for position (set to 0 for new positions)\n        uint positionId;\n        // number of sub-orders to break order into (reduces slippage)\n        uint iterations;\n        // type of option to trade\n        OptionType optionType;\n        // number of contracts to trade\n        uint amount;\n        // final amount of collateral to leave in OptionToken position\n        uint setCollateralTo;\n        // revert trade if totalCost is below this value\n        uint minTotalCost;\n        // revert trade if totalCost is above this value\n        uint maxTotalCost;\n        // referrer emitted in Trade event, no on-chain interaction\n        address referrer;\n    }\n\n    function openPosition(TradeInputParameters memory params) external returns (Result memory result);\n    function closePosition(TradeInputParameters memory params) external returns (Result memory result);\n    function quoteAsset() external view returns(ERC20);\n    function baseAsset() external view returns(ERC20);\n}\n\ninterface IOptionToken is IERC721 {\n    function nextId() external view returns (uint256);\n}\n\ninterface IOperationalTreasury {\n    function buy(\n        IHegicStrategy strategy,\n        address holder,\n        uint256 amount,\n        uint256 period,\n        bytes[] calldata additional\n    ) external;\n\n    function payOff(uint256 positionID, address account) external;\n}\n\ninterface IPositionsManager is IERC721 {\n    function nextTokenId() external view returns (uint256);\n}\n\nabstract contract BaseOptionBuilder is Ownable{\n    \n    // Enumeration of different protocol types\n    enum ProtocolType {\n        lyra_eth,\n        lyra_btc,\n        hegic\n    }\n\n    // State variables\n    address public lyra_eth; // Address of Lyra ETH contract\n    address public lyra_btc; // Address of Lyra BTC contract\n    address public operationalTreasury; // Address of operational treasury\n\n    address public lyra_ethErc721; // Address of Lyra ETH ERC721 token contract\n    address public lyra_btcErc721; // Address of Lyra BTC ERC721 token contract\n    address public hegicErc721; // Address of Hegic ERC721 token contract\n\n    address public usdc; // Address of USDC ERC20 token contract\n\n    uint256 public nextBuildID = 1;\n\n    // Constructor\n    constructor (\n        address _lyra_eth,\n        address _lyra_btc,\n        address _operationalTreasury,\n        address _lyra_ethErc721,\n        address _lyra_btcErc721,\n        address _hegicErc721,\n        address _usdc\n    ) {\n        lyra_eth = _lyra_eth;\n        lyra_btc = _lyra_btc;\n        operationalTreasury = _operationalTreasury;\n        lyra_ethErc721 = _lyra_ethErc721;\n        lyra_btcErc721 = _lyra_btcErc721;\n        hegicErc721 = _hegicErc721;\n        usdc = _usdc;\n    }\n\n    event CreateBuild(\n        uint256 buildID,\n        address indexed user,\n        uint256 productType\n    );\n\n    // Approve maximum spending limits for tokens used in the contract\n    function allApprove() external {\n        ILyra(lyra_eth).quoteAsset().approve(lyra_eth, type(uint256).max);\n        ILyra(lyra_eth).baseAsset().approve(lyra_eth, type(uint256).max);\n        ILyra(lyra_btc).quoteAsset().approve(lyra_btc, type(uint256).max);\n        ILyra(lyra_btc).baseAsset().approve(lyra_btc, type(uint256).max);\n        ERC20(usdc).approve(operationalTreasury, type(uint256).max);\n    }\n\n    // Process a transaction using Lyra protocol\n    function _processLyraProtocol(\n        ProtocolType protocolType,\n        bytes memory parametersArray,\n        uint256 buildID\n    ) internal virtual {}\n\n    // Process a transaction using Hegic protocol\n    function _processHegicProtocol(bytes memory parametersArray, uint256 buildID) internal virtual {}\n\n    // Consolidate multiple transactions into a single function call\n    function consolidationOfTransactions(ProtocolType[] memory protocolsArrays, bytes[] memory parametersArray, uint256 productType) external {\n        require(protocolsArrays.length == parametersArray.length, \"arrays not equal\");\n        \n        for (uint i = 0; i < protocolsArrays.length; i++) {\n            if (protocolsArrays[i] == ProtocolType.lyra_eth || protocolsArrays[i] == ProtocolType.lyra_btc) {\n                _processLyraProtocol(protocolsArrays[i], parametersArray[i], nextBuildID);\n            } else if (protocolsArrays[i] == ProtocolType.hegic) {\n                _processHegicProtocol(parametersArray[i], nextBuildID);\n            }\n        }\n\n        emit CreateBuild(nextBuildID, msg.sender, productType);\n        nextBuildID++;\n    }\n\n    function onERC721Received(\n        address, \n        address, \n        uint256, \n        bytes calldata\n    )external returns(bytes4) {\n        return bytes4(keccak256(\"onERC721Received(address,address,uint256,bytes)\"));\n    } \n}\n"
    },
    "contracts/IHegicStrategy.sol": {
      "content": "pragma solidity ^0.8.3;\n\n/**\n * SPDX-License-Identifier: GPL-3.0-or-later\n * Hegic\n * Copyright (C) 2022 Hegic Protocol\n *\n * This program is free software: you can redistribute it and/or modify\n * it under the terms of the GNU General Public License as published by\n * the Free Software Foundation, either version 3 of the License, or\n * (at your option) any later version.\n *\n * This program is distributed in the hope that it will be useful,\n * but WITHOUT ANY WARRANTY; without even the implied warranty of\n * MERCHANTABILITY or FITNESS FOR A PARTICULAR PURPOSE.  See the\n * GNU General Public License for more details.\n *\n * You should have received a copy of the GNU General Public License\n * along with this program.  If not, see <http://www.gnu.org/licenses/>.\n **/\n\ninterface IHegicStrategy {\n    event SetLimit(uint256 limit);\n\n    event Acquired(\n        uint256 indexed id,\n        StrategyData data,\n        uint256 negativepnl,\n        uint256 positivepnl,\n        uint256 period,\n        bytes[] additional\n    );\n\n    struct StrategyData {\n        uint128 amount;\n        uint128 strike;\n    }\n\n    function strategyData(uint256 strategyID)\n        external\n        view\n        returns (uint128 amount, uint128 strike);\n\n    function getLockedByStrategy() external view returns (uint256 amount);\n\n    function lockedLimit() external view returns (uint256 value);\n\n    function isPayoffAvailable(\n        uint256 optID,\n        address caller,\n        address recipient\n    ) external view returns (bool);\n\n    function getAvailableContracts(uint32 period, bytes[] calldata additional)\n        external\n        view\n        returns (uint256 available);\n\n    function payOffAmount(uint256 optionID)\n        external\n        view\n        returns (uint256 profit);\n\n    function calculateNegativepnlAndPositivepnl(\n        uint256 amount,\n        uint256 period,\n        bytes[] calldata\n    ) external view returns (uint128 negativepnl, uint128 positivepnl);\n\n    function create(\n        uint256 id,\n        address holder,\n        uint256 amount,\n        uint256 period,\n        bytes[] calldata\n    )\n        external\n        returns (\n            uint32 expiration,\n            uint256 positivePNL,\n            uint256 negativePNL\n        );\n\n    function connect() external;\n\n    function positionExpiration(uint256)\n        external\n        view\n        returns (uint32 timestamp);\n}\n"
    },
    "contracts/OptionBuilderClose.sol": {
      "content": "/**\n * SPDX-License-Identifier: GPL-3.0-or-later\n * DeDeLend\n * Copyright (C) 2023 DeDeLend\n *\n * This program is free software: you can redistribute it and/or modify\n * it under the terms of the GNU General Public License as published by\n * the Free Software Foundation, either version 3 of the License, or\n * (at your option) any later version.\n *\n * This program is distributed in the hope that it will be useful,\n * but WITHOUT ANY WARRANTY; without even the implied warranty of\n * MERCHANTABILITY or FITNESS FOR A PARTICULAR PURPOSE.  See the\n * GNU General Public License for more details.\n *\n * You should have received a copy of the GNU General Public License\n * along with this program.  If not, see <http://www.gnu.org/licenses/>.\n **/\n\npragma solidity 0.8.9;\n\nimport \"./BaseOptionBuilder.sol\";\n\ncontract OptionBuilderClose is BaseOptionBuilder {\n\n    // Constructor\n    constructor(\n        address _lyra_eth,\n        address _lyra_btc,\n        address _operationalTreasury,\n        address _lyra_ethErc721,\n        address _lyra_btcErc721,\n        address _hegicErc721,\n        address _usdc\n    ) BaseOptionBuilder(\n        _lyra_eth,\n        _lyra_btc,\n        _operationalTreasury,\n        _lyra_ethErc721,\n        _lyra_btcErc721,\n        _hegicErc721,\n        _usdc\n    ) {}\n\n    // Event emitted when a position is closed using Lyra protocol\n    event ClosePositionByLyra(\n        uint256 indexed buildID,\n        uint256 strikeId,\n        uint256 positionId,\n        uint256 iterations,\n        ILyra.OptionType optionType,\n        uint256 amount,\n        uint256 setCollateralTo,\n        uint256 minTotalCost,\n        uint256 maxTotalCost,\n        address referrer\n    );\n\n    // Event emitted when a position is closed using Hegic protocol\n    event ClosePositionByHegic(\n        uint256 indexed buildID,\n        uint256 tokenID,\n        address account\n    );\n\n    function _processLyraProtocol(\n        ProtocolType protocolType,\n        bytes memory parameters,\n        uint256 buildID\n    ) override internal {\n        (\n            address account,\n            ILyra.TradeInputParameters memory params, \n            uint256 premium\n        ) = decodeFromLyra(parameters);\n        \n        address lyra = lyra_eth;\n        address lyraErc721 = lyra_ethErc721;\n        \n        // Check the protocol type and set appropriate Lyra and ERC721 token addresses\n        if (protocolType == ProtocolType.lyra_btc) {\n            lyra = lyra_btc;\n            lyraErc721 = lyra_btcErc721;\n        }\n        \n        // Calculate determine Lyra asset based on option type\n        ERC20 lyraAsset = params.optionType == ILyra.OptionType.SHORT_CALL_BASE ? ILyra(lyra).baseAsset() : ILyra(lyra).quoteAsset();\n\n        // Transfer premium amount from sender to the contract\n        ILyra(lyra).quoteAsset().transferFrom(msg.sender, address(this), premium);\n        \n        IOptionToken(lyraErc721).transferFrom(account, address(this), params.positionId);\n        \n        // Close the position using the Lyra contract\n        ILyra(lyra).closePosition(params);\n        \n        // Transfer back remaining tokens to the sender\n        lyraAsset.transfer(account, lyraAsset.balanceOf(address(this)));\n        if (params.optionType == ILyra.OptionType.SHORT_CALL_BASE) {\n            ILyra(lyra).quoteAsset().transfer(account, ILyra(lyra).quoteAsset().balanceOf(address(this)));\n        }\n        \n        // Emit the ClosePositionByLyra event with relevant parameters\n        emit ClosePositionByLyra(\n            buildID,\n            params.strikeId,\n            params.positionId,\n            params.iterations,\n            params.optionType,\n            params.amount,\n            params.setCollateralTo,\n            params.minTotalCost,\n            params.maxTotalCost,\n            params.referrer\n        );\n    }\n\n    function _processHegicProtocol(bytes memory parameters, uint256 buildID) internal override {\n        (\n            address account,\n            uint256 positionID\n        ) = decodeFromHegic(parameters);\n        \n        IPositionsManager(hegicErc721).transferFrom(account, address(this), positionID);\n        \n        // Buy the option using the operational treasury contract\n        IOperationalTreasury(operationalTreasury).payOff(\n            positionID,\n            account\n        );\n        \n        // Emit the ClosePositionByHegic event with relevant parameters\n        emit ClosePositionByHegic(buildID, positionID, account);\n    }\n\n    // Encode TradeInputParameters struct into bytes\n    function encodeFromLyra(address account, ILyra.TradeInputParameters memory params, uint256 premium) external pure returns (bytes memory paramData) {\n        return abi.encode(account, params, premium);\n    }\n\n    function decodeFromLyra(bytes memory paramData) public pure returns (address account, ILyra.TradeInputParameters memory params, uint256 premium) {\n        (\n            account,\n            params,\n            premium\n        ) = abi.decode(paramData, (\n            address,\n            ILyra.TradeInputParameters,\n            uint256\n        ));\n    }\n\n    // Encode Hegic parameters into bytes\n    function encodeFromHegic(\n        address account,\n        uint256 positionID\n    ) external pure returns (bytes memory paramData) {\n        return abi.encode(account, positionID);\n    }\n\n    function decodeFromHegic(\n        bytes memory paramData\n    ) public pure returns (address account, uint256 positionID) {\n        (\n            account,\n            positionID\n        ) = abi.decode(paramData, (\n            address,\n            uint256\n        ));\n    }\n}\n"
    }
  },
  "settings": {
    "optimizer": {
      "enabled": false,
      "runs": 200
    },
    "outputSelection": {
      "*": {
        "*": [
          "abi",
          "evm.bytecode",
          "evm.deployedBytecode",
          "evm.methodIdentifiers",
          "metadata",
          "devdoc",
          "userdoc",
          "storageLayout",
          "evm.gasEstimates"
        ],
        "": [
          "ast"
        ]
      }
    },
    "metadata": {
      "useLiteralContent": true
    }
  }
}